CREATE TABLE characters (
    charID numeric(2) NOT NULL,
    name varchar(30) COLLATE utf8_general_ci NOT NULL,
    speed float(5) NOT NULL,
    acceleration float(5) NOT NULL,
    weight float(5) NOT NULL,
    handling float(5) NOT NULL,
    traction float(5) NOT NULL,
    miniturbo float(5) NOT NULL,
    image varchar(255) COLLATE utf8_general_ci NOT NULL
) ENGINE=InnoDB DEFAULT CHARSET=utf8 COLLATE=utf8_general_ci;

INSERT INTO characters (charID, name, speed, acceleration, weight, handling, traction, miniturbo, image) VALUES
(01, 'Mario', 4, 3.5, 3.5, 3.5, 3.5, 3.5, 'https://mario.wiki.gallery/images/d/d9/MK8_Mario_Icon.png'),
(02, 'Luigi', 4, 3.5, 3.5, 3.75, 3.25, 3.5, 'https://mario.wiki.gallery/images/5/51/MK8_Luigi_Icon.png'),
(03, 'Peach', 3.75, 3.75, 3, 3.75, 3.75, 3.75, 'https://mario.wiki.gallery/images/c/c2/MK8_Peach_Icon.png'),
(04, 'Daisy', 3.75, 3.75, 3, 3.75, 3.75, 3.75, 'https://mario.wiki.gallery/images/3/32/MK8_Daisy_Icon.png'),
(05, 'Rosalina', 4.25, 3.25, 3.75, 3.25, 3.75, 3.25, 'https://mario.wiki.gallery/images/8/89/MK8_Rosalina_Icon.png'),
(06, 'Tanooki Mario', 3.75, 3.75, 3.25, 3.75, 3.25, 3.5, 'https://mario.wiki.gallery/images/a/a2/MK8_Tanooki_Mario_Icon.png'),
(07, 'Cat Peach', 3.5, 4, 2.75, 4, 3.75, 3.5, 'https://mario.wiki.gallery/images/a/ad/MK8_Cat_Peach_Icon.png'),
(08, 'Yoshi', 3.75, 3.75, 3, 3.75, 3.75, 3.75, 'https://mario.wiki.gallery/images/9/91/MK8_Yoshi_Icon.png'),
(09, 'Toad', 3.25, 4, 2.75, 4.25, 4, 3.75, 'https://mario.wiki.gallery/images/4/45/MK8_Toad_Icon.png'),
(10, 'Koopa', 3, 4, 2.5, 4.5, 4.25, 3.75, 'https://mario.wiki.gallery/images/b/bc/MK8_Koopa_Icon.png'),
(11, 'Shy Guy', 3.25, 4, 2.75, 4.25, 4, 3.75, 'https://mario.wiki.gallery/images/7/7f/MK8_ShyGuy_Icon.png'),
(12, 'Lakitu', 3, 4, 2.5, 4.5, 4.25, 3.75, 'https://mario.wiki.gallery/images/7/7d/MK8_Lakitu_Icon.png'),
(13, 'Toadette', 3, 4.25, 2.5, 4.25, 3.5, 3.75, 'https://mario.wiki.gallery/images/8/8e/MK8_Toadette_Icon.png'),
(14, 'King Boo', 4.25, 3.25, 3.75, 3.25, 3.75, 3.25, 'https://mario.wiki.gallery/images/1/1d/MK8DX_King_Boo_Icon.png'),
(15, 'Baby Mario', 2.75, 4.25, 2.25, 4.5, 4, 4, 'https://mario.wiki.gallery/images/d/d2/MK8_BabyMario_Icon.png'),
(16, 'Baby Luigi', 2.75, 4.25, 2.25, 4.5, 4, 4, 'https://mario.wiki.gallery/images/a/aa/MK8_BabyLuigi_Icon.png'),
(17, 'Baby Peach', 2.5, 4, 2, 5, 4.25, 4, 'https://mario.wiki.gallery/images/3/3d/MK8_BabyPeach_Icon.png'),
(18, 'Baby Daisy', 2.5, 4, 2, 5, 4.25, 4, 'https://mario.wiki.gallery/images/4/43/MK8_BabyDaisy_Icon.png'),
(19, 'Baby Rosalina', 2.5, 4.25, 2, 4.75, 3.75, 4, 'https://mario.wiki.gallery/images/0/09/MK8_BabyRosalina_Icon.png'),
(20, 'Metal Mario', 4.25, 3.25, 4.5, 3.25, 3.25, 3, 'https://mario.wiki.gallery/images/e/e3/MK8_MMario_Icon.png'),
(21, 'Pink Gold Peach', 4.25, 3.25, 4.5, 3.25, 3.25, 3, 'https://mario.wiki.gallery/images/0/0d/MK8_PGPeach_Icon.png'),
(22, 'Wario', 4.75, 3, 4.25, 2.75, 3.25, 2.75, 'https://mario.wiki.gallery/images/c/c2/MK8_Wario_Icon.png'),
(23, 'Waluigi', 4.5, 3.25, 4, 3, 3, 3, 'https://mario.wiki.gallery/images/7/78/MK8_Waluigi_Icon.png'),
(24, 'Donkey Kong', 4.5, 3.25, 4, 3, 3, 3, 'https://mario.wiki.gallery/images/0/08/MK8_DKong_Icon.png'),
(25, 'Bowser', 4.75, 3, 4.5, 2.5, 3, 2.75, 'https://mario.wiki.gallery/images/4/47/MK8_Bowser_Icon.png'),
(26, 'Dry Bones', 2.75, 4.25, 2.25, 4.5, 4, 4, 'https://mario.wiki.gallery/images/3/3f/MK8DX_Dry_Bones_Icon.png'),
(27, 'Bowser Jr.', 3, 4, 2.5, 4.5, 4.25, 3.75, 'https://mario.wiki.gallery/images/2/26/MK8_Bowser_Jr_Icon.png'),
(28, 'Dry Bowser', 4.75, 3, 4.25, 2.75, 3.25, 2.75, 'https://mario.wiki.gallery/images/2/29/MK8_Dry_Bowser_Icon.png'),
(29, 'Lemmy', 2.5, 4.25, 2, 4.75, 3.75, 4, 'https://mario.wiki.gallery/images/f/fc/MK8_Lemmy_Icon.png'),
(30, 'Larry', 3.25, 4, 2.75, 4.25, 4, 3.75, 'https://mario.wiki.gallery/images/c/c2/MK8_Larry_Icon.png'),
(31, 'Wendy', 3, 4.25, 2.5, 4.25, 3.5, 3.75, 'https://mario.wiki.gallery/images/d/d9/MK8_Wendy_Icon.png'),
(32, 'Ludwig', 4, 3.5, 3.5, 3.5, 3.5, 3.5, 'https://mario.wiki.gallery/images/a/a8/MK8_Ludwig_Icon.png'),
(33, 'Iggy', 4, 3.5, 3.5, 3.75, 3.25, 3.5, 'https://mario.wiki.gallery/images/d/dd/MK8_Iggy_Icon.png'),
(34, 'Roy', 4.5, 3.25, 4, 3, 3, 3, 'https://mario.wiki.gallery/images/3/3e/MK8_Roy_Icon.png'),
(35, 'Morton', 4.75, 3, 4.5, 2.5, 3, 2.75, 'https://mario.wiki.gallery/images/7/72/MK8_Morton_Icon.png'),
(36, 'Inkling Girl', 3.5, 4, 2.75, 4, 3.75, 3.5, 'https://mario.wiki.gallery/images/b/b9/MK8DX_Female_Inkling_Icon.png'),
(37, 'Inkling Boy', 3.75, 3.75, 3.25, 3.75, 3.25, 3.5, 'https://mario.wiki.gallery/images/3/3c/MK8DX_Male_Inkling_Icon.png'),
(38, 'Link', 4.25, 3.25, 3.75, 3.25, 3.75, 3.25, 'https://mario.wiki.gallery/images/e/e8/MK8_Link_Icon.png'),
(39, 'Villager (M)', 3.75, 3.75, 3.25, 3.75, 3.25, 3.5, 'https://mario.wiki.gallery/images/1/16/VillagerMale-Icon-MK8.png'),
(40, 'Villager (F)', 3.5, 4, 2.75, 4, 3.75, 3.5, 'https://mario.wiki.gallery/images/c/c3/VillagerFemale-Icon-MK8.png'),
(41, 'Isabelle', 3, 4.25, 2.5, 4.25, 3.5, 3.75, 'https://mario.wiki.gallery/images/2/20/MK8_Isabelle_Icon.png'),
(42, 'Mii', 4, 3.5, 3.5, 3.5, 3.5, 3.5, 'https://mario.wiki.gallery/images/a/ab/Mii_amiibo_MK8.png'),
(43, 'Birdo', 3.75, 3.75, 3, 3.75, 3.75, 3.75, 'https://mario.wiki.gallery/images/f/f6/MK8D_Birdo_Icon.png');

CREATE TABLE karts (
    kartID numeric(2) NOT NULL,
    kartType varchar(30) COLLATE utf8_general_ci NOT NULL,
    name varchar(30) COLLATE utf8_general_ci NOT NULL,
    speed float(5) NOT NULL,
    acceleration float(5) NOT NULL,
    weight float(5) NOT NULL,
    handling float(5) NOT NULL,
    traction float(5) NOT NULL,
    miniturbo float(5) NOT NULL
) ENGINE=InnoDB DEFAULT CHARSET=utf8 COLLATE=utf8_general_ci;

INSERT INTO karts (kartID, kartType, name, speed, acceleration, weight, handling, traction, miniturbo) VALUES
(01, 'Kart', 'Standard Kart', 4, 3.5, 3.5, 3.5, 3.5, 3.5),
(02, 'Kart', 'Pipe Frame', 4, 3.5, 3.5, 3.75, 3.25, 3.5),
(03, 'Kart', 'Mach 8', 3.75, 3.75, 3, 3.75, 3.75, 3.75),
(04, 'Kart', 'Steel Driver', 3.75, 3.75, 3, 3.75, 3.75, 3.75),
(05, 'Kart', 'Cat Cruiser', 4.25, 3.25, 3.75, 3.25, 3.75, 3.25),
(06, 'Kart', 'Circuit Special', 3.75, 3.75, 3.25, 3.75, 3.25, 3.5),
(07, 'Kart', 'Tri-Speeder', 3.5, 4, 2.75, 4, 3.75, 3.5),
(08, 'Kart', 'Badwagon', 3.75, 3.75, 3, 3.75, 3.75, 3.75),
(09, 'Kart', 'Prancer', 3.25, 4, 2.75, 4.25, 4, 3.75),
(10, 'Kart', 'Biddybuggy', 3, 4, 2.5, 4.5, 4.25, 3.75),
(11, 'Kart', 'Landship', 3.25, 4, 2.75, 4.25, 4, 3.75),
(12, 'Kart', 'Sneeker', 3, 4, 2.5, 4.5, 4.25, 3.75),
(13, 'Kart', 'Sports Coupe', 3, 4.25, 2.5, 4.25, 3.5, 3.75),
(14, 'Kart', 'Gold Standard', 4.25, 3.25, 3.75, 3.25, 3.75, 3.25),
(15, 'Kart', 'GLA', 2.75, 4.25, 2.25, 4.5, 4, 4),
(16, 'Kart', 'W 25 Silver Arrow', 2.75, 4.25, 2.25, 4.5, 4, 4),
(17, 'Kart', '300 SL Roadster', 2.5, 4, 2, 5, 4.25, 4),
(18, 'Kart', 'Blue Falcon', 2.5, 4, 2, 5, 4.25, 4),
(19, 'Kart', 'Tanooki Kart', 2.5, 4.25, 2, 4.75, 3.75, 4),
(20, 'Kart', 'B Dasher', 4.25, 3.25, 4.5, 3.25, 3.25, 3),
(21, 'Kart', 'Streetle', 4.25, 3.25, 4.5, 3.25, 3.25, 3),
(22, 'Kart', 'P-Wing', 4.75, 3, 4.25, 2.75, 3.25, 2.75),
(23, 'Kart', 'Koopa Clown', 4.5, 3.25, 4, 3, 3, 3),
(24, 'Standard Bike', 'Standard Bike', 4.5, 3.25, 4, 3, 3, 3),
(25, 'Sports Bike', 'Comet', 4.75, 3, 4.5, 2.5, 3, 2.75),
(26, 'Sports Bike','Sport Bike', 2.75, 4.25, 2.25, 4.5, 4, 4),
(27, 'Standard Bike', 'The Duke', 3, 4, 2.5, 4.5, 4.25, 3.75),
(28, 'Standard Bike', 'Flame Rider', 4.75, 3, 4.25, 2.75, 3.25, 2.75),
(29, 'Standard Bike', 'Varmint', 2.5, 4.25, 2, 4.75, 3.75, 4),
(30, 'Standard Bike', 'Mr. Scooty', 3.25, 4, 2.75, 4.25, 4, 3.75),
(31, 'Sports Bike', 'Jet Bike', 3, 4.25, 2.5, 4.25, 3.5, 3.75),
(32, 'Sports Bike', 'Yoshi Bike', 4, 3.5, 3.5, 3.5, 3.5, 3.5),
(33, 'Sports Bike', 'Master Cycle', 4, 3.5, 3.5, 3.75, 3.25, 3.5),
(34, 'Standard Bike', 'City Tripper', 4.5, 3.25, 4, 3, 3, 3),
(35, 'ATV', 'Standard ATV', 4.75, 3, 4.5, 2.5, 3, 2.75),
(36, 'ATV', 'Wild Wiggler', 3.5, 4, 2.75, 4, 3.75, 3.5),
(37, 'ATV', 'Teddy Buggy', 3.75, 3.75, 3.25, 3.75, 3.25, 3.5),
(38, 'ATV', 'Bone Rattler', 4.25, 3.25, 3.75, 3.25, 3.75, 3.25),
(39, 'ATV', 'Inkstriker', 3.75, 3.75, 3.25, 3.75, 3.25, 3.5),
(40, 'ATV', 'Splat Buggy', 3.5, 4, 2.75, 4, 3.75, 3.5),
(41, 'Standard Bike', 'Master Cycle Zero', 3, 4.25, 2.5, 4.25, 3.5, 3.75);

CREATE TABLE cups (
    cupID numeric(2) NOT NULL,
    name varchar(30) COLLATE utf8_general_ci NOT NULL
) ENGINE=InnoDB DEFAULT CHARSET=utf8 COLLATE=utf8_general_ci;

INSERT INTO cups (cupID, name) VALUES 
(00, 'Battle Mode'),
(01, 'Mushroom Cup'),
(02, 'Flower Cup'),
(03, 'Star Cup'),
(04, 'Special Cup'),
(05, 'Shell Cup'),
(06, 'Banana Cup'),
(07, 'Leaf Cup'),
(08, 'Lightning Cup'),
(09, 'Egg Cup'),
(10, 'Triforce Cup'),
(11, 'Crossing Cup'),
(12, 'Bell Cup'),
(13, 'Golden Dash Cup'),
(14, 'Lucky Cat Cup'),
(15, 'Turnip Cup'),
(16, 'Propeller Cup'),
(17, 'Rock Cup'),
(18, 'Moon Cup'),
(19, 'Fruit Cup'),
(20, 'Boomerang Cup'),
(21, 'Feather Cup'),
(22, 'Cherry Cup'),
(23, 'Acorn Cup'),
(24, 'Spiny Cup');

CREATE TABLE tracks (
    mapID numeric(3) NOT NULL,
    cupID numeric(2) NOT NULL,
    name varchar(30) COLLATE utf8_general_ci NOT NULL,
    link varchar(11) COLLATE utf8_general_ci NOT NULL
) ENGINE=InnoDB DEFAULT CHARSET=utf8 COLLATE=utf8_general_ci;

INSERT INTO tracks (mapID, cupID, name, link) VALUES
(000, 00, 'Battle Stadium', 'xjZlnF8mAHU'),
(001, 00, 'Sweet Sweet Kingdom', 'OMKvCCZfaXs'),
(002, 00, 'Dragon Palace', 'iWc0nxLPrPw'),
(003, 00, 'Lunar Colony', 'Df67eevncL0'),
(004, 00, '3DS Wuhu Town', 'Z-AyyagFgsU'),
(005, 00, "GCN Luigi's Mansion", 'SE8nsNnn4cY'),
(006, 00, 'SNES Battle Course 1', 'YQJLERNhZTU'),
(007, 00, 'Urchin Underpass', 'Woj2wa2oiw0'),
(008, 01, 'Mario Kart Stadium', 'LMuFA_XBtWk'),
(009, 01, 'Water Park', 'DRgH8gYF-W4'),
(010, 01, 'Sweet Sweet Canyon', 'ZExzZ_vs09E'),
(011, 01, 'Thwomp Ruins', 'yCYUkablczI'),
(012, 02, 'Mario Circuit', 'QiqGbH0LeAc'),
(013, 02, 'Toad Harbor', 'YEpbMGxQTVQ'),
(014, 02, 'Twisted Mansion','fJxCiIa8N3Q'),
(015, 02, 'Shy Guy Falls', 'SwKVi97b9ig'),
(016, 03, 'Sunshine Airport', '6-jEAJRppMg'),
(017, 03, 'Dolphin Shoals', 'dtf3IYNgkS8'),
(018, 03, 'Electrodrome', 'RVXzZ760XA8'),
(019, 03, 'Mount Wario', 'MBBTr_dlma8'),
(020, 04, 'Cloudtop Cruise', 't1771Qo2CU8'),
(021, 04, 'Bone-Dry Dunes', 'PbSbjytgnWQ'),
(022, 04, "Bowser's Castle", 'MDhG8I9Bhdg'),
(023, 04, 'Rainbow Road', 'WriO4Erm66Y'),
(024, 05, 'Wii Moo Moo Meadows', 'zr7IdsRl9rk'),
(025, 05, 'GBA Mario Circuit', 'Xj3tZp5WH_U'),
(026, 05, 'DS Cheep Cheep Beach', 'Sz1mXdMvaNk'),
(027, 05, "N64 Toad's Turnpike", 'NXXLlLovKcc'),
(028, 06, 'GCN Dry Dry Desert', 'G7xjAG2piq8'),
(029, 06, 'SNES Donut Plains 3', 'VPkKs0ov678'),
(030, 06, 'N64 Royal Raceway', 'H7P6F0n4gVQ'),
(031, 06, '3DS DK Jungle', '8n2f8e7XCSs'),
(032, 07, 'DS Wario Stadium', 'GdaX5iX0ZaU'),
(033, 07, 'GCN Sherbet Land', 'nLhNtWMfD0E'),
(034, 07, '3DS Music Park', 'l-cKqYgijTM'),
(035, 07, 'N64 Yoshi Valley', 'ZrLOHnLnAzM'),
(036, 08, 'DS Tick-Tock Clock', 'Qnr8baUmOUY'),
(037, 08, '3DS Piranha Plant Slide', 'N2nfrW9PH1k'),
(038, 08, 'Wii Grumble Volcano', 'UBTLinvaMwc'),
(039, 08, 'N64 Rainbow Road', 'NuG53TOJqlo'),
(040, 08, 'GCN Yoshi Circuit', 'MpXqPFtEpDE'),
(041, 09, 'Excitebike Arena', 'U-CfGdYcKLQ'),
(042, 09, 'Dragon Driftway', 'AWc_PbH1cCM'),
(043, 09, 'Mute City', '-yW4CMjpeNk'),
(044, 10, "Wii Wario's Gold Mine", 'gBdo_XH--io'),
(045, 10, 'SNES Rainbow Road', 'jtCGHlt4MQc'),
(046, 10, 'Ice Ice Outpost', 'M9v-7kP0b68'),
(047, 10, 'Hyrule Circuit', 'kM3XBWacZ7U'),
(048, 11, 'GCN Baby Park', '-_02dnnby2c'),
(049, 11, 'GBA Cheese Land', 'X1lFaO6VSwA'),
(050, 11, 'Wild Woods', 'hbQTnJgaVvM'),
(051, 11, 'Animal Crossing', 'ABiNCLQ9MO8'),
(052, 12, '3DS Neo Bowser City', '_TrwF3jya50'),
(053, 12, 'GBA Ribbon Road', '4ErWN_rJbfA'),
(054, 12, 'Super Bell Subway', 'diHM-4huQB4'),
(055, 12, 'Big Blue', 'ETLNilxpvhY'),
(056, 13, 'Tour Paris Promenade', 'y4QPEtd1OrI'),
(057, 13, '3DS Toad Circuit', 'wJU-Pn5CbeE'),
(058, 13, 'N64 Choco Mountain', 'YC3CSEyglTk'),
(059, 13, 'Wii Coconut Mall', 'I-nU1yLlza4'),
(060, 14, 'Tour Tokyo Blur', 'uGEnQy7LjpI'),
(061, 14, 'DS Shroom Ridge', 'DPuN1ACtiW0'),
(062, 14, 'GBA Sky Garden', 'HJcWoGT7pk8'),
(063, 14, 'Ninja Hideaway', 'NuOl0O5VXtw'),
(064, 15, 'Tour New York Minute', 'WPdM3ZQQNKI'),
(065, 15, 'SNES Mario Circuit 3', '6qGmxdWz2dI'),
(066, 15, 'N64 Kalimari Desert', '7qsKAXV0F_M'),
(067, 15, 'DS Waluigi Pinball', 'GdaX5iX0ZaU'),
(068, 16, 'Tour Sydney Sprint', '1xJ3hVhsQEI'),
(069, 16, 'GBA Snow Land', '56-3qWLfuoA'),
(070, 16, 'Wii Mushroom Gorge', 'OL_5IKFde3o'),
(071, 16, 'Sky-High Sundae', 'E4pZSsb5wjU'),
(072, 17, 'Tour London Loop', 'rAxJlLB8WJo'),
(073, 17, 'GBA Boo Lake', 'FfMlIAd8P_Y'),
(074, 17, '3DS Rock Rock Mountain', 'znuftt4Lwuw'),
(075, 17, 'Wii Maple Treeway', 'aJAPDCEXsGA'),
(076, 18, 'Tour Berlin Byways', 'oa_pKxJRRjs'),
(077, 18, 'DS Peach Gardens', 'JLzRnjzW-GA'),
(078, 18, 'Merry Mountain', '0LRLEQ3kMk4'),
(079, 18, '3DS Rainbow Road', 'FtP351pCbM4'),
(080, 19, 'Tour Amsterdam Drift', 'moawdOCyZaQ'),
(081, 19, 'GBA Riverside Park', 'daeP8bFTcG0'),
(082, 19, 'Wii DK Summit', 'HL9RN8VFojY'),
(083, 19, "Yoshi's Island", 'ev9ubsGxbR0'),
(084, 20, 'Tour Bangkok Rush', '51wX3b_Q8G8'),
(085, 20, 'DS Mario Circuit', '-HaMsPMRlA8'),
(086, 20, 'GCN Waluigi Stadium', 'KNAtGMp4Udk'),
(087, 20, 'Tour Singapore Speedway', '-JfhBus8qvU'),
(088, 21, 'Tour Los Angeles Laps', 'vd4lgL4SpMQ'),
(089, 21, '3DS Wario Shipyard', 'rSjdQJXCmj4'),
(090, 21, 'GBA Sunset Wilds', 'XFQciLj-J70'),
(091, 21, 'DS Airship Fortress', '-cireEjMak4'),
(092, 22, 'Tour Athens All-Around', 'dQw4w9WgXcQ'),
(093, 22, 'Wii Dry Dry Ruins', '_1kMsWASS74'),
(094, 22, '3DS Wuhu Loop', 'lInoXk8u0-A'),
(095, 22, 'Piranha Plant Cove', 'Au_X-74PVy8'),
(096, 23, 'Tour Mexico Motor', 'q-Rqdgna3Yw'),
(097, 23, 'SNES Vanilla Lake 2', '5aIHMfdxHyA'),
(098, 23, 'Wii Koopa Cape', 'IDRtQK1_fn4'),
(099, 23, 'Bathroom Blitz', 'dQw4w9WgXcQ'),
(100, 24, 'Tour Vancouver Velocity', 'YYP4T3C4Gz4'),
(101, 24, 'N64 Koopa Troopa Beach', 'P7DD_dmt4_I'),
(102, 24, "3DS Bowser's Castle", 'pwYmKqRvbAE'),
(103, 24, 'Wii Rainbow Road', '9jOOAefc1bc');

ALTER TABLE characters
  ADD PRIMARY KEY (charID);

ALTER TABLE karts
  ADD PRIMARY KEY (kartID);

ALTER TABLE cups
  ADD PRIMARY KEY (cupID);

ALTER TABLE tracks
  ADD PRIMARY KEY (mapID),
  ADD KEY (cupID);

ALTER TABLE tracks
  ADD CONSTRAINT cup_track FOREIGN KEY (cupID) REFERENCES cups (cupID) ON DELETE CASCADE ON UPDATE CASCADE;